{
  "0.1000": {
    "elastic": {
      "A": 1.02214,
      "B": 0.0550177,
      "C": -0.114432,
      "a": [
        4.67625,
        -1.54536,
        -0.562238,
        -0.341237,
        -0.00441537,
        0.0011809
      ],
      "b": [
        -0.320249,
        -0.180574,
        -0.0449252
      ]
    },
    "spin_exchange": {
      "A": 1.12631,
      "B": 0.0,
      "C": 0.0,
      "a": [
        3.70895,
        -0.351569,
        -0.929971,
        -0.328939,
        -0.0278597
      ],
      "b": [
        -0.26478,
        -0.240352,
        -0.0484357,
        -0.000872631
      ]
    }
  },
  "0.1259": {
    "elastic": {
      "A": 1.03422,
      "B": 0.202813,
      "C": -0.312452,
      "a": [
        4.41911,
        -1.67191,
        -0.794796,
        -0.485301,
        0.0222773,
        0.00358255
      ],
      "b": [
        -0.42359,
        -0.223744,
        -0.0559973,
        0.00234539
      ]
    },
    "spin_exchange": {
      "A": 1.17438,
      "B": 0.0,
      "C": 0.0,
      "a": [
        3.68426,
        -1.77531,
        -1.32486,
        0.0377422,
        0.13728,
        0.0148016
      ],
      "b": [
        -0.539876,
        -0.288025,
        0.000879424,
        0.013959
      ]
    }
  },
  "0.1585": {
    "elastic": {
      "A": 1.05376,
      "B": 0.190445,
      "C": -0.460127,
      "a": [
        4.65265,
        -1.8331,
        -0.791552,
        -0.353663,
        -0.00208239,
        0.00131805
      ],
      "b": [
        -0.388821,
        -0.214909,
        -0.0474349
      ]
    },
    "spin_exchange": {
      "A": 1.15288,
      "B": 0.0,
      "C": 0.0,
      "a": [
        3.54822,
        -0.813437,
        -0.884318,
        -0.240323,
        -0.0119994,
        0.00079722
      ],
      "b": [
        -0.368145,
        -0.240886,
        -0.0398285,
        -8.0051e-05
      ]
    }
  },
  "0.1995": {
    "elastic": {
      "A": 1.03866,
      "B": 0.0460375,
      "C": -0.420366,
      "a": [
        4.43008,
        0.168453,
        0.418292,
        -0.243135,
        -0.0181665
      ],
      "b": [
        -0.0264761,
        -0.0166518,
        -0.0226822
      ]
    },
    "spin_exchange": {
      "A": 1.21483,
      "B": 0.0,
      "C": 0.0,
      "a": [
        3.45519,
        -0.909199,
        -0.968169,
        -0.259378,
        -0.0196713
      ],
      "b": [
        -0.401677,
        -0.263802,
        -0.0431264,
        -0.000969458
      ]
    }
  },
  "0.2512": {
    "elastic": {
      "A": 1.01381,
      "B": 0.0306258,
      "C": -0.061672,
      "a": [
        4.17954,
        -1.54441,
        -0.393896,
        -0.330737,
        0.0130829,
        0.00233075
      ],
      "b": [
        -0.391009,
        -0.186822,
        -0.045428,
        0.00118582
      ]
    },
    "spin_exchange": {
      "A": 1.06344,
      "B": 0.0,
      "C": 0.0,
      "a": [
        3.51407,
        -1.66725,
        -0.776751,
        0.439025,
        0.207473,
        0.0187202
      ],
      "b": [
        -0.493496,
        -0.20315,
        0.0487794,
        0.0179713
      ]
    }
  },
  "0.3162": {
    "elastic": {
      "A": 1.08099,
      "B": -0.0545515,
      "C": -0.0122528,
      "a": [
        4.22216,
        -1.1252,
        -0.102415
      ],
      "b": [
        -0.197936,
        -0.164758,
        -0.0364947,
        -0.00311893,
        -9.26824e-05
      ]
    },
    "spin_exchange": {
      "A": 1.02238,
      "B": 0.0,
      "C": 0.0,
      "a": [
        3.11341,
        0.397117
      ],
      "b": [
        -0.0658378,
        -0.158233,
        -0.0464875,
        -0.00615046,
        -0.000396331,
        -1.00617e-05
      ]
    }
  },
  "0.3981": {
    "elastic": {
      "A": 1.02941,
      "B": 0.0153887,
      "C": 0.00118856,
      "a": [
        4.15871,
        -1.94241,
        -0.32231,
        -0.0392548,
        0.0500334,
        0.0035055
      ],
      "b": [
        -0.406091,
        -0.183028,
        -0.0274015,
        0.00226068
      ]
    },
    "spin_exchange": {
      "A": 1.03413,
      "B": 0.0,
      "C": 0.0,
      "a": [
        2.98692,
        0.365361
      ],
      "b": [
        -0.085328,
        -0.171858,
        -0.047499,
        -0.0058556,
        -0.000351331,
        -8.37274e-06
      ]
    }
  },
  "0.5012": {
    "elastic": {
      "A": 1.05164,
      "B": 0.0281067,
      "C": -0.113961,
      "a": [
        4.20243,
        -2.3356,
        -0.255364,
        0.249909,
        0.117928,
        0.00675454
      ],
      "b": [
        -0.415115,
        -0.17011,
        -0.00775696,
        0.00553177
      ]
    },
    "spin_exchange": {
      "A": 1.21736,
      "B": 0.0,
      "C": 0.0,
      "a": [
        3.21243,
        -0.7081,
        -0.854332,
        -0.232093,
        -0.0175159
      ],
      "b": [
        -0.382014,
        -0.257008,
        -0.0414328,
        -0.000985435
      ]
    }
  },
  "0.6310": {
    "elastic": {
      "A": 1.06584,
      "B": 0.102316,
      "C": -0.28077,
      "a": [
        4.21912,
        -2.50655,
        -0.454199,
        0.311858,
        0.163908,
        0.00943945
      ],
      "b": [
        -0.450216,
        -0.183049,
        -0.00203906,
        0.00829227
      ]
    },
    "spin_exchange": {
      "A": 1.0854,
      "B": 0.0,
      "C": 0.0,
      "a": [
        3.25277,
        -1.89788,
        -0.658948,
        0.446729,
        0.180729,
        0.0155803
      ],
      "b": [
        -0.572866,
        -0.190543,
        0.0496967,
        0.0148566
      ]
    }
  },
  "0.7943": {
    "elastic": {
      "A": 1.06191,
      "B": 0.0706309,
      "C": -0.194343,
      "a": [
        4.09783,
        -2.55725,
        -0.222393,
        0.467604,
        0.174154,
        0.00946207
      ],
      "b": [
        -0.426081,
        -0.166574,
        0.00613814,
        0.00822024
      ]
    },
    "spin_exchange": {
      "A": 1.04693,
      "B": 0.0,
      "C": 0.0,
      "a": [
        2.95207,
        -1.75393,
        -0.261419,
        0.516827,
        0.173497,
        0.0136464
      ],
      "b": [
        -0.535692,
        -0.159085,
        0.0438565,
        0.0128267
      ]
    }
  },
  "1.0000": {
    "elastic": {
      "A": 1.03802,
      "B": 0.0644073,
      "C": -0.157754,
      "a": [
        4.06031,
        -2.13183,
        -0.37794,
        0.204807,
        0.109,
        0.00623565
      ],
      "b": [
        -0.410627,
        -0.187478,
        -0.0119303,
        0.00491171
      ]
    },
    "spin_exchange": {
      "A": 1.03481,
      "B": 0.0,
      "C": 0.0,
      "a": [
        2.97629,
        4.55746,
        1.66843,
        -1.48422,
        -1.91885,
        -0.656324,
        -0.0730368
      ],
      "b": [
        1.49891,
        0.349564,
        -1.07141,
        -0.545901,
        -0.0729439
      ]
    }
  },
  "1.2590": {
    "elastic": {
      "A": 1.01403,
      "B": 0.0765877,
      "C": -0.0819521,
      "a": [
        3.94037,
        -1.9799,
        -0.393652,
        0.0571923,
        0.0580143,
        0.00351054
      ],
      "b": [
        -0.415486,
        -0.202787,
        -0.0240329,
        0.00203919
      ]
    },
    "spin_exchange": {
      "A": 0.882905,
      "B": 0.0,
      "C": 0.0,
      "a": [
        1.73293,
        1.78299,
        0.0730684
      ],
      "b": [
        -0.240274,
        -0.0542173,
        -0.0040675,
        -0.000110668
      ]
    }
  },
  "1.5850": {
    "elastic": {
      "A": 0.950966,
      "B": 0.0875369,
      "C": 0.0546438,
      "a": [
        3.83428,
        -2.3264,
        -0.353748,
        0.133434,
        0.0864948,
        0.00503066
      ],
      "b": [
        -0.477396,
        -0.202778,
        -0.0184402,
        0.00366969
      ]
    },
    "spin_exchange": {
      "A": 0.951405,
      "B": 0.0,
      "C": 0.0,
      "a": [
        1.38299,
        1.59089,
        -0.00528871
      ],